question,answer,faqs
What is NeuroSphere Lab?,"NeuroSphere Lab is a company specializing in AI solutions, data analytics, tailored for startups and individuals.","What is NeuroSphere Lab? NeuroSphere Lab is a company specializing in AI solutions, data analytics, and education, tailored for startups and individuals."
What is your mission?,Our mission is to deliver cutting-edge AI and data solutions to empower startups and individuals through innovation and education.,What is your mission? Our mission is to deliver cutting-edge AI and data solutions to empower startups and individuals through innovation and education.
What is your vision?,To become a leading AI and data science partner in the MENA region and build a globally recognized brand for tech excellence.,What is your vision? To become a leading AI and data science partner in the MENA region and build a globally recognized brand for tech excellence.
Where is NeuroSphere Lab based?,We currently operate online but are transitioning to an on-site presence in the MENA region.,Where is NeuroSphere Lab based? We currently operate online but are transitioning to an on-site presence in the MENA region.
What industries do you serve?,"We serve startups, e-commerce, healthcare, and individuals like students, researchers, and freelancers.","What industries do you serve? We serve startups, e-commerce, healthcare, and individuals like students, researchers, and freelancers."
What AI services do you offer?,"We offer custom AI models, model-based apps, AI-driven business solutions, and bot development.","What AI services do you offer? We offer custom AI models, model-based apps, AI-driven business solutions, and bot development."
Do you provide data analysis services?,"Yes, we offer business data analysis, visualization, and presentation services.","Do you provide data analysis services? Yes, we offer business data analysis, visualization, and presentation services."
Can you develop custom machine learning models?,"Yes, we design tailored ML models to meet specific business needs.","Can you develop custom machine learning models? Yes, we design tailored ML models to meet specific business needs."
Do you offer AI-powered bots?,"Yes, we develop Telegram bots and adaptive AI-powered bots for automation and engagement.","Do you offer AI-powered bots? Yes, we develop Telegram bots and adaptive AI-powered bots for automation and engagement."
What is included in your AI-driven business solutions?,"End-to-end AI model development, deployment for web/mobile apps, and MLops integration.","What is included in your AI-driven business solutions? End-to-end AI model development, deployment for web/mobile apps, and MLops integration."
Can you help with data visualization?,"Yes, we provide clear and impactful data visualizations and presentations.","Can you help with data visualization? Yes, we provide clear and impactful data visualizations and presentations."
Do you offer AI courses?,"Yes, we provide beginner-level AI and data analytics courses, workshops, and internships.","Do you offer AI courses? Yes, we provide beginner-level AI and data analytics courses, workshops, and internships."
How can I enroll in your courses?,Courses are available online; visit our website or contact us for enrollment details.,How can I enroll in your courses? Courses are available online; visit our website or contact us for enrollment details.
Are your courses suitable for beginners?,"Yes, we offer beginner-friendly courses designed to introduce AI and data analytics concepts.","Are your courses suitable for beginners? Yes, we offer beginner-friendly courses designed to introduce AI and data analytics concepts."
Do you provide internships?,"Yes, we offer internships to help individuals gain hands-on experience in AI and data analytics.","Do you provide internships? Yes, we offer internships to help individuals gain hands-on experience in AI and data analytics."
What topics do your workshops cover?,"Workshops cover AI, data analytics, automation, and other emerging tech trends.","What topics do your workshops cover? Workshops cover AI, data analytics, automation, and other emerging tech trends."
Do you work with startups?,"Yes, startups are a primary focus; we offer tailored AI and data solutions to help them grow.","Do you work with startups? Yes, startups are a primary focus; we offer tailored AI and data solutions to help them grow."
Can individuals benefit from your services?,"Absolutely, we provide AI tools, education, and resources for students, researchers, and freelancers.","Can individuals benefit from your services? Absolutely, we provide AI tools, education, and resources for students, researchers, and freelancers."
Do you serve healthcare providers?,"Yes, we offer AI and data solutions tailored for healthcare providers.","Do you serve healthcare providers? Yes, we offer AI and data solutions tailored for healthcare providers."
Are your services suitable for e-commerce businesses?,"Yes, we provide AI-driven tools to enhance e-commerce operations and customer engagement.","Are your services suitable for e-commerce businesses? Yes, we provide AI-driven tools to enhance e-commerce operations and customer engagement."
How do you compete with larger AI firms?,"We offer tailored, cost-effective solutions and prioritize customer-focused innovation.","How do you compete with larger AI firms? We offer tailored, cost-effective solutions and prioritize customer-focused innovation."
Do you offer discounts?,"Yes, we provide tiered pricing, discounts, and referral incentives.","Do you offer discounts? Yes, we provide tiered pricing, discounts, and referral incentives."
Can I attend your free workshops?,"Yes, our free workshops are open to anyone interested in AI and data analytics.","Can I attend your free workshops? Yes, our free workshops are open to anyone interested in AI and data analytics."
What is your pricing model?,"We offer competitive, tiered pricing based on service complexity and customization needs.","What is your pricing model? We offer competitive, tiered pricing based on service complexity and customization needs."
Are there flexible payment options?,"Yes, we provide flexible packages to accommodate different budgets.","Are there flexible payment options? Yes, we provide flexible packages to accommodate different budgets."
Do you offer custom quotes?,"Yes, contact us for a personalized quote based on your requirements.","Do you offer custom quotes? Yes, contact us for a personalized quote based on your requirements."
What programming languages do you use?,"We primarily use Python, R, and other languages suited for AI and data analytics.","What programming languages do you use? We primarily use Python, R, and other languages suited for AI and data analytics."
Do you integrate AI with existing systems?,"Yes, we ensure seamless integration of AI solutions with your current infrastructure.","Do you integrate AI with existing systems? Yes, we ensure seamless integration of AI solutions with your current infrastructure."
Can you deploy AI models on mobile apps?,"Yes, we develop and deploy AI models for both web and mobile applications.","Can you deploy AI models on mobile apps? Yes, we develop and deploy AI models for both web and mobile applications."
What is MLops?,MLops is the practice of integrating machine learning models into production workflows for efficient management.,What is MLops? MLops is the practice of integrating machine learning models into production workflows for efficient management.
Do you handle real-time data processing?,"While we focus on AI and analytics, real-time capabilities depend on the project scope.","Do you handle real-time data processing? While we focus on AI and analytics, real-time capabilities depend on the project scope."
Do you provide post-deployment support?,"Yes, we offer support to ensure smooth operation post-deployment.","Do you provide post-deployment support? Yes, we offer support to ensure smooth operation post-deployment."
How can I contact your support team?,"Reach out via email, phone, or through our websites contact form.","How can I contact your support team? Reach out via email, phone, or through our websites contact form."
What is your response time for support queries?,We aim to respond within 24-48 hours for most inquiries.,What is your response time for support queries? We aim to respond within 24-48 hours for most inquiries.
Do you collaborate with universities?,"Yes, we partner with universities for research, internships, and educational programs.","Do you collaborate with universities? Yes, we partner with universities for research, internships, and educational programs."
Can startups partner with you?,"Absolutely, we welcome partnerships with startups for mutual growth.","Can startups partner with you? Absolutely, we welcome partnerships with startups for mutual growth."
Can you build a chatbot for my business?,"Yes, we develop custom AI-powered chatbots for various platforms.","Can you build a chatbot for my business? Yes, we develop custom AI-powered chatbots for various platforms."
Do you offer industry-specific AI tools?,"Yes, we tailor AI solutions to meet the unique needs of industries like healthcare and e-commerce.","Do you offer industry-specific AI tools? Yes, we tailor AI solutions to meet the unique needs of industries like healthcare and e-commerce."
Can you automate business processes?,"Absolutely, we develop automation tools to streamline operations.","Can you automate business processes? Absolutely, we develop automation tools to streamline operations."
How do you ensure data privacy?,We adhere to strict data protection protocols and comply with relevant regulations.,How do you ensure data privacy? We adhere to strict data protection protocols and comply with relevant regulations.
Do you handle sensitive data?,"Yes, with appropriate security measures in place.","Do you handle sensitive data? Yes, with appropriate security measures in place."
Are your AI models secure?,"Yes, we prioritize security in model development and deployment.","Are your AI models secure? Yes, we prioritize security in model development and deployment."
How do you stay ahead in AI trends?,"Through continuous research, training, and adopting cutting-edge technologies.","How do you stay ahead in AI trends? Through continuous research, training, and adopting cutting-edge technologies."
Do you work on emerging AI technologies?,"Yes, we explore and implement advancements like NLP and computer vision.","Do you work on emerging AI technologies? Yes, we explore and implement advancements like NLP and computer vision."
Can you help with digital transformation?,"Yes, we assist businesses in adopting AI and data-driven processes for modernization.","Can you help with digital transformation? Yes, we assist businesses in adopting AI and data-driven processes for modernization."
How do you incorporate customer feedback?,We regularly collect feedback and use it to improve our services and offerings.,How do you incorporate customer feedback? We regularly collect feedback and use it to improve our services and offerings.
Can I suggest a feature for your AI tools?,"Absolutely, we welcome suggestions and incorporate feasible ideas.","Can I suggest a feature for your AI tools? Absolutely, we welcome suggestions and incorporate feasible ideas."
Do you conduct customer surveys?,"Yes, we conduct surveys to better understand client needs and preferences.","Do you conduct customer surveys? Yes, we conduct surveys to better understand client needs and preferences."
Do you participate in tech expos?,"Yes, we attend and present at industry events to showcase our solutions.","Do you participate in tech expos? Yes, we attend and present at industry events to showcase our solutions."
Can I meet your team at events?,"Yes, our team is available for networking at events we participate in.","Can I meet your team at events? Yes, our team is available for networking at events we participate in."
Do you host webinars?,"Yes, we host webinars on AI, data analytics, and related topics.","Do you host webinars? Yes, we host webinars on AI, data analytics, and related topics."
How can I join your team?,"Check our careers page or contact us for open positions in AI, data science, and cybersecurity.","How can I join your team? Check our careers page or contact us for open positions in AI, data science, and cybersecurity."
Do you hire interns?,"Yes, we offer internships in AI and data analytics.","Do you hire interns? Yes, we offer internships in AI and data analytics."
What expertise does your team have?,"Our team specializes in AI engineering, data analysis, and cybersecurity.","What expertise does your team have? Our team specializes in AI engineering, data analysis, and cybersecurity."
How do you plan to grow your business?,"By expanding services, enhancing brand visibility, and building strategic partnerships.","How do you plan to grow your business? By expanding services, enhancing brand visibility, and building strategic partnerships."
Will you open physical offices?,"Yes, transitioning from online to on-site presence is part of our growth plan.","Will you open physical offices? Yes, transitioning from online to on-site presence is part of our growth plan."
Do you plan to expand beyond MENA?,"Our current focus is MENA, but future expansion is possible.","Do you plan to expand beyond MENA? Our current focus is MENA, but future expansion is possible."
Do you follow ethical AI practices?,"Yes, we prioritize ethical considerations in AI development and deployment.","Do you follow ethical AI practices? Yes, we prioritize ethical considerations in AI development and deployment."
How do you address bias in AI models?,We implement fairness checks and bias mitigation techniques in our models.,How do you address bias in AI models? We implement fairness checks and bias mitigation techniques in our models.
Are your AI solutions transparent?,"Yes, we ensure transparency and explainability in our AI solutions.","Are your AI solutions transparent? Yes, we ensure transparency and explainability in our AI solutions."
Can you share success stories?,"Yes, we showcase case studies (upon request) to demonstrate our impact.","Can you share success stories? Yes, we showcase case studies (upon request) to demonstrate our impact."
Do you work with non-profits?,"Yes, we collaborate with non-profits to provide tailored AI solutions.","Do you work with non-profits? Yes, we collaborate with non-profits to provide tailored AI solutions."
Can you provide references?,References are available upon request for serious inquiries.,Can you provide references? References are available upon request for serious inquiries.
How customizable are your AI solutions?,Highly customizable to meet specific business or individual needs.,How customizable are your AI solutions? Highly customizable to meet specific business or individual needs.
Can you modify existing AI models?,"Yes, we can refine or retrain existing models for better performance.","Can you modify existing AI models? Yes, we can refine or retrain existing models for better performance."
Do you offer white-label solutions?,"Yes, we provide white-label AI tools for businesses.","Do you offer white-label solutions? Yes, we provide white-label AI tools for businesses."
Do you offer corporate training?,"Yes, we provide AI and data analytics training for teams.","Do you offer corporate training? Yes, we provide AI and data analytics training for teams."
Can training be tailored for my industry?,"Absolutely, we customize training programs to suit specific industries.","Can training be tailored for my industry? Absolutely, we customize training programs to suit specific industries."
Do you provide certifications?,"Yes, participants receive certificates upon course completion.","Do you provide certifications? Yes, participants receive certificates upon course completion."
What tools do you use for data analysis?,"We use tools like Python, R, Tableau, and Power BI for data analysis and visualization.","What tools do you use for data analysis? We use tools like Python, R, Tableau, and Power BI for data analysis and visualization."
Do you work with cloud platforms?,"Yes, we integrate AI solutions with AWS, Google Cloud, and Azure.","Do you work with cloud platforms? Yes, we integrate AI solutions with AWS, Google Cloud, and Azure."
What AI frameworks do you prefer?,"TensorFlow, PyTorch, and Scikit-learn are among our preferred frameworks.","What AI frameworks do you prefer? TensorFlow, PyTorch, and Scikit-learn are among our preferred frameworks."
Can your solutions scale with my business?,"Yes, our solutions are designed to scale as your business grows.","Can your solutions scale with my business? Yes, our solutions are designed to scale as your business grows."
Do you support high-volume data processing?,"Yes, we design systems to handle large datasets efficiently.","Do you support high-volume data processing? Yes, we design systems to handle large datasets efficiently."
Can you upgrade solutions over time?,"Yes, we provide ongoing support and upgrades for scalability.","Can you upgrade solutions over time? Yes, we provide ongoing support and upgrades for scalability."
How can I measure the ROI of your solutions?,We help define KPIs and track performance to demonstrate ROI.,How can I measure the ROI of your solutions? We help define KPIs and track performance to demonstrate ROI.
Do you offer cost-benefit analyses?,"Yes, we provide analyses to highlight the value of our solutions.","Do you offer cost-benefit analyses? Yes, we provide analyses to highlight the value of our solutions."
Are your solutions cost-effective?,"Yes, we prioritize delivering high value at competitive prices.","Are your solutions cost-effective? Yes, we prioritize delivering high value at competitive prices."
Can we collaborate on research projects?,"Yes, we collaborate on AI and data science research initiatives.","Can we collaborate on research projects? Yes, we collaborate on AI and data science research initiatives."
Do you work with government agencies?,"Yes, we partner with agencies for AI-driven public sector solutions.","Do you work with government agencies? Yes, we partner with agencies for AI-driven public sector solutions."
Can you join consortiums or alliances?,"Yes, we participate in tech consortiums to advance AI innovation.","Can you join consortiums or alliances? Yes, we participate in tech consortiums to advance AI innovation."
How do you adapt to AI trends?,By continuously monitoring trends and integrating relevant advancements into our offerings.,How do you adapt to AI trends? By continuously monitoring trends and integrating relevant advancements into our offerings.
What AI trends are you currently exploring?,"NLP, computer vision, and AI ethics are key focus areas.","What AI trends are you currently exploring? NLP, computer vision, and AI ethics are key focus areas."
Do you offer solutions for generative AI?,"Yes, we develop generative AI tools for creative and business applications.","Do you offer solutions for generative AI? Yes, we develop generative AI tools for creative and business applications."
How do you contribute to the tech community?,"Through workshops, internships, open-source contributions, and educational content.","How do you contribute to the tech community? Through workshops, internships, open-source contributions, and educational content."
Can I contribute to your projects?,"Yes, we welcome collaborations and contributions from the community.","Can I contribute to your projects? Yes, we welcome collaborations and contributions from the community."
Do you sponsor tech events?,"Yes, we sponsor and participate in events to support the tech ecosystem.","Do you sponsor tech events? Yes, we sponsor and participate in events to support the tech ecosystem."
Can you help with grant applications for AI projects?,"Yes, we assist in drafting proposals and identifying funding opportunities.","Can you help with grant applications for AI projects? Yes, we assist in drafting proposals and identifying funding opportunities."
Do you offer free consultations?,"Yes, we provide free initial consultations to discuss your needs.","Do you offer free consultations? Yes, we provide free initial consultations to discuss your needs."
How can I stay updated on your offerings?,"Follow us on social media, subscribe to our newsletter, or visit our website regularly.","How can I stay updated on your offerings? Follow us on social media, subscribe to our newsletter, or visit our website regularly."
